tokens,window,mattr
10000,1000,0.39847368421052637
50000,1000,0.3947575757575757
100000,1000,0.39453266331658293
500000,1000,0.36273573573573575
1000000,1000,0.33500900450225113
