tokens,types,ttr
10000,1781,0.1781
50000,4227,0.08454
100000,5849,0.05849
500000,12820,0.02564
1000000,17844,0.017844
