bucket,tokens,correct,accuracy
overall,232177,218294,0.9402051021419003
seen,226311,214594,0.9482261136224046
unseen,5866,3700,0.6307534947153085
