prev_tag,next_tag,prob
NOUN,.,0.2836201228774173
NOUN,ADP,0.24387766668933777
NOUN,VERB,0.15869323720782608
NOUN,NOUN,0.14994672289101998
NOUN,CONJ,0.0596567593915074
