tag,word,prob
VERB,is,0.04084320135855887
VERB,was,0.04006528404150926
VERB,be,0.025981421504075168
VERB,had,0.020683448665083714
VERB,are,0.017388740028167725
